name,link
ADWYA,https://www.ilboursa.com/marches/cotation_ADWYA
AETEC,https://www.ilboursa.com/marches/cotation_AETEC
AL,https://www.ilboursa.com/marches/cotation_AL
AB,https://www.ilboursa.com/marches/cotation_AB
AMI,https://www.ilboursa.com/marches/cotation_AMI
AMS,https://www.ilboursa.com/marches/cotation_AMS
ATB,https://www.ilboursa.com/marches/cotation_ATB
ATL,https://www.ilboursa.com/marches/cotation_ATL
ARTES,https://www.ilboursa.com/marches/cotation_ARTES
ASSAD,https://www.ilboursa.com/marches/cotation_ASSAD
ASSMA,https://www.ilboursa.com/marches/cotation_ASSMA
AST,https://www.ilboursa.com/marches/cotation_AST
TJL,https://www.ilboursa.com/marches/cotation_TJL
TJARI,https://www.ilboursa.com/marches/cotation_TJARI
BT,https://www.ilboursa.com/marches/cotation_BT
BNA,https://www.ilboursa.com/marches/cotation_BNA
BL,https://www.ilboursa.com/marches/cotation_BL
BHASS,https://www.ilboursa.com/marches/cotation_BHASS
BH,https://www.ilboursa.com/marches/cotation_BH
BIAT,https://www.ilboursa.com/marches/cotation_BIAT
BTE,https://www.ilboursa.com/marches/cotation_BTE
CC,https://www.ilboursa.com/marches/cotation_CC
CELL,https://www.ilboursa.com/marches/cotation_CELL
CREAL,https://www.ilboursa.com/marches/cotation_CREAL
CIL,https://www.ilboursa.com/marches/cotation_CIL
SCB,https://www.ilboursa.com/marches/cotation_SCB
CITY,https://www.ilboursa.com/marches/cotation_CITY
DH,https://www.ilboursa.com/marches/cotation_DH
ELBEN,https://www.ilboursa.com/marches/cotation_ELBEN
LSTR,https://www.ilboursa.com/marches/cotation_LSTR
NAKL,https://www.ilboursa.com/marches/cotation_NAKL
SOKNA,https://www.ilboursa.com/marches/cotation_SOKNA
ECYCL,https://www.ilboursa.com/marches/cotation_ECYCL
GIF,https://www.ilboursa.com/marches/cotation_GIF
HL,https://www.ilboursa.com/marches/cotation_HL
XABYT,https://www.ilboursa.com/marches/cotation_XABYT
ICF,https://www.ilboursa.com/marches/cotation_ICF
LNDOR,https://www.ilboursa.com/marches/cotation_LNDOR
MAG,https://www.ilboursa.com/marches/cotation_MAG
AMV,https://www.ilboursa.com/marches/cotation_AMV
SAM,https://www.ilboursa.com/marches/cotation_SAM
MIP,https://www.ilboursa.com/marches/cotation_MIP
BHL,https://www.ilboursa.com/marches/cotation_BHL
MNP,https://www.ilboursa.com/marches/cotation_MNP
MPBS,https://www.ilboursa.com/marches/cotation_MPBS
NBL,https://www.ilboursa.com/marches/cotation_NBL
PLAST,https://www.ilboursa.com/marches/cotation_PLAST
OTH,https://www.ilboursa.com/marches/cotation_OTH
PLTU,https://www.ilboursa.com/marches/cotation_PLTU
PGH,https://www.ilboursa.com/marches/cotation_PGH
SAH,https://www.ilboursa.com/marches/cotation_SAH
SMD,https://www.ilboursa.com/marches/cotation_SMD
SERVI,https://www.ilboursa.com/marches/cotation_SERVI
SFBT,https://www.ilboursa.com/marches/cotation_SFBT
SIAME,https://www.ilboursa.com/marches/cotation_SIAME
SIMPA,https://www.ilboursa.com/marches/cotation_SIMPA
SIPHA,https://www.ilboursa.com/marches/cotation_SIPHA
SITS,https://www.ilboursa.com/marches/cotation_SITS
SMART,https://www.ilboursa.com/marches/cotation_SMART
ALKIM,https://www.ilboursa.com/marches/cotation_ALKIM
SOMOC,https://www.ilboursa.com/marches/cotation_SOMOC
SOPAT,https://www.ilboursa.com/marches/cotation_SOPAT
SOTEM,https://www.ilboursa.com/marches/cotation_SOTEM
SOTET,https://www.ilboursa.com/marches/cotation_SOTET
STPAP,https://www.ilboursa.com/marches/cotation_STPAP
STPIL,https://www.ilboursa.com/marches/cotation_STPIL
MGR,https://www.ilboursa.com/marches/cotation_MGR
SOTUV,https://www.ilboursa.com/marches/cotation_SOTUV
SPDIT,https://www.ilboursa.com/marches/cotation_SPDIT
STA,https://www.ilboursa.com/marches/cotation_STA
STAR,https://www.ilboursa.com/marches/cotation_STAR
STB,https://www.ilboursa.com/marches/cotation_STB
STEQ,https://www.ilboursa.com/marches/cotation_STEQ
STIP,https://www.ilboursa.com/marches/cotation_STIP
SPHAX,https://www.ilboursa.com/marches/cotation_SPHAX
TGH,https://www.ilboursa.com/marches/cotation_TGH
TLNET,https://www.ilboursa.com/marches/cotation_TLNET
TPR,https://www.ilboursa.com/marches/cotation_TPR
PX1,https://www.ilboursa.com/marches/cotation_PX1
TINV,https://www.ilboursa.com/marches/cotation_TINV
TRE,https://www.ilboursa.com/marches/cotation_TRE
TAIR,https://www.ilboursa.com/marches/cotation_TAIR
TBIDX,https://www.ilboursa.com/marches/cotation_TBIDX
TLS,https://www.ilboursa.com/marches/cotation_TLS
TVAL,https://www.ilboursa.com/marches/cotation_TVAL
UADH,https://www.ilboursa.com/marches/cotation_UADH
UBCI,https://www.ilboursa.com/marches/cotation_UBCI
UIB,https://www.ilboursa.com/marches/cotation_UIB
UMED,https://www.ilboursa.com/marches/cotation_UMED
WIFAK,https://www.ilboursa.com/marches/cotation_WIFAK
